платформа,гипотеза,итог,основание
AMD Ryzen 5 · Chrome,H1,подтверждена,A: ≈ равны; B: ≈ равны; C: ≈ равны; D: ≈ равны
AMD Ryzen 5 · Firefox,H1,подтверждена частично,A: ≈ равны; B: не ясно; C: не ясно; D: ≈ равны
Apple M4 · Chrome,H1,подтверждена,A: ≈ равны; B: ≈ равны; C: ≈ равны; D: ≈ равны
AMD Ryzen 5 · Chrome,H2,не подтверждена,R3F ref к three.js: медиана кадра ×1.05 (больше на 5%); СКО ×1.03 (не ясно); p99 ×1.07 (больше на 7%)
AMD Ryzen 5 · Firefox,H2,не подтверждена,R3F ref к three.js: медиана кадра ×1.04 (больше на 4%); СКО ×0.91 (не ясно); p99 ×1.02 (не ясно)
Apple M4 · Chrome,H2,не подтверждена,R3F ref к three.js: медиана кадра ×1.00 (≈ равны); СКО ×0.75 (меньше на 25%); p99 ×1.00 (≈ равны)
AMD Ryzen 5 · Chrome,H3,подтверждена,первый кадр ×1.69 (больше на 69%); бандл gzip ×2.13
AMD Ryzen 5 · Firefox,H3,подтверждена,первый кадр ×1.26 (больше на 26%); бандл gzip ×2.13
Apple M4 · Chrome,H3,подтверждена,первый кадр ×2.23 (больше на 123%); бандл gzip ×2.13
