,"S2 кадр,
медиана","S2 кадр,
p99","S3 первый
кадр","S4 задержка
отклика","S5 объектов
при 60 FPS",платформа
R3F ref,1.0031088053138437,1.0000000005218306,2.231855773580557,1.0107791212801474,0.9958078217221027,Apple M4 · Chrome
R3F ref-central,0.9316062151523221,0.9241245113146587,2.231855773580557,,0.9548237630316068,Apple M4 · Chrome
R3F events,,,2.231855773580557,1.1240544629912201,,Apple M4 · Chrome
R3F state,2.7367875511654143,3.588015554579503,2.231855773580557,1.7042360074224554,0.3959953665397981,Apple M4 · Chrome
R3F ref + parent-state,0.9834196864628927,1.5129571968098312,2.231855773580557,,,Apple M4 · Chrome
R3F ref,1.0475270477818497,1.069069565515705,1.685875842156607,1.0091958827610306,1.004492102593827,AMD Ryzen 5 · Chrome
R3F ref-central,1.0019319937022637,1.0200766455132109,1.685875842156607,,1.0278220547746704,AMD Ryzen 5 · Chrome
R3F events,,,1.685875842156607,1.0753957887019021,,AMD Ryzen 5 · Chrome
R3F state,3.063755795629378,3.7709254741916003,1.685875842156607,1.6021735722656136,0.3456020866541081,AMD Ryzen 5 · Chrome
R3F ref + parent-state,1.0533230293204752,2.4276207402809447,1.685875842156607,,,AMD Ryzen 5 · Chrome
R3F ref,1.0360169491524596,1.017972947934047,1.2644152490034246,0.9769201664773315,0.9171999224355245,AMD Ryzen 5 · Firefox
R3F ref-central,0.9777542372880847,0.9946266444320526,1.2644152490034246,,0.9579212720573977,AMD Ryzen 5 · Firefox
R3F events,,,1.2644152490034246,1.0828603859248855,,AMD Ryzen 5 · Firefox
R3F state,2.7510593220337767,4.484225242980127,1.2644152490034246,1.9894059780549418,0.25964708163661043,AMD Ryzen 5 · Firefox
R3F ref + parent-state,1.0360169491525077,2.8832347937406078,1.2644152490034246,,,AMD Ryzen 5 · Firefox
